id,pkg_name
1,com.ggww.autodraw
2,com.vblast.flipaclip
3,com.sonymobile.sketch
4,com.huion.inkpaint
5,com.adsk.sketchbook
6,com.womboai.wombodream
7,com.brakefield.painter
8,com.eyewind.paperone
9,com.madcat.easyposer
10,me.bazaart.app
11,com.wphotopia_9508791
12,com.bungaakp007.bt21wallpaperoffline130920
13,com.sweefitstudios.draweyes
14,invitaciones2.para.cumpleanos
15,com.brakefield.idfree
16,procreate.pocket.darwing
17,jp.co.celsys.clipstudiopaint.googleplay
18,com.sec.penup
19,com.artsetdigitalpainting
20,com.adobe.spark.post
21,com.procreate.pro.paint.art
22,com.idealsofts.aftereffect
23,com.bytestorm.artflow
24,com.memegenerator.free.app.mememaker.grumpycat
25,app.over.editor
26,com.hijul_kids.liveWallpapersMisPastelitos
27,com.adobe.creativeapps.sketch
28,com.PixelStudio
29,com.IngressStudio.xxxtentacion
30,org.contentarcade.apps.logomaker
31,org.krita
32,keyboard.lilo_stitch
33,com.adobe.creativeapps.gather
34,com.phone.launcher.lite
35,com.bingzer.android.stickdraw
36,mikecrack.mine.craft.colorear.juegos.compas.canciones.juego
37,anime.face.changer.cartoon.photo_editor
38,com.cyou.cma.clauncher.theme.v592ffede5453987fa66e8e90
39,com.wallpaper.billie_eilish_fans
40,lilo.andstitch.wallpaper2018.backgrounds.cartoon.galaxys9.aloha.scooby.doo
41,com.wNovaSkinwallpaper_7067810
42,pixel.Robject
43,com.articoapps.maskot
44,com.idol.pixel.art.bts.kpop
45,com.raftellabs.SupremeWallpaperUnofficial
46,rick.morty.wallpapers.sanchez.wallpaper.pikachu.galaxys9.ios12
47,com.santhoshmkunthe.textanimator
48,com.mockup.generator
49,com.dipuran.marilyn.wallpaper.monroe
50,com.DevTrack.halowall
51,com.arabela.mobile
52,com.belleza.peinados.ninas
53,com.lajeuneandassociatesllc.barberchopdev
54,com.preppywallpapersmileyfacedoaa.app
55,trends.beauty.art.grime.art.photo.editor
56,com.arcsoft.perfect365
57,com.xface.beautymakeup.selfiecamera
58,com.lomographic.vintage.camera.filters
59,com.abdoogardgardii
60,com.cuturls
61,com.neos.javboongolleh
62,com.bling.pastelgalaxylivewallpaper
63,com.ipsy.mobile.production
64,com.andromo.dev605364.app612144
65,com.hera.cortesdecabellominios
66,filter.selfie.camera.photo.stickers
67,com.lyrebirdstudio.beauty
68,tba.selfie.camera.filter
69,com.faby
70,com.StrictStudios.wikiFeet
71,pcm.art.heart.camera
72,com.andromo.dev759880.app845507
73,com.ispg.shopchula
74,crown.heart.photo.editor
75,com.icom.terramar
76,maa.photo_editor.spiral_betty
77,com.andromo.dev759880.app848654
78,com.sephora
79,com.ulta
80,com.bestdreamstore.cosmetics
81,com.andromo.dev479905.app903007
82,com.EricBROU.modele_tenue_pagne_africain
83,com.ecugames.ddoritos
84,toys.lulu
85,com.intiapps.cortes.de.pelo.cabello.para.ninos
86,bokehoedite.hd.photoeditor
87,com.ambitiousapps.veganrecipesforfree.dkh
88,com.divasmag
89,mmapps.mirror.free
90,com.Voodamdee.Photos.Camera.B912SelfieCamera
91,smaartgr.longnail
92,crying.face.filter
93,com.maxisapp.juandediospantoja
94,com.htwig.luvmehair
95,com.app.dimple.face.editor
96,com.HomeLabApps.HalloweenMakeupForMen
97,com.easy_hairstyles_for_daily_use.slider
98,com.barilab.handmirror.googlemarket
99,com.arabela.damaarabela
100,biz.belcorp.maquillador
101,wp.wattpad
102,org.jw.jwlibrary.mobile
103,com.overwolf.statsroyale
104,com.amazon.kindle
105,code.marvelvscapcom.mvsc
106,com.droidta.spen
107,pdf.reader
108,com.eversilk.gachastar
109,com.audible.application
110,air.com.myheritage.mobile
111,com.ng.mangazone
112,com.hyperionics.avar
113,com.atlasmor.Qasim
114,com.thetgffkings.fityhrerss
115,com.teddydeveloper.stardewvalleywiki
116,com.google.android.apps.books
117,com.movinapp.dict.enes.free
118,com.qmstudio.rdr2collectorsmap
119,org.lds.ldssa
120,mobi.mangatoon.novel.portuguese
121,hap.pymo.dtips
122,com.aldiko.android
123,com.mangalife.mangamaster
124,org.readera
125,com.GangstaBrosLab.FreeFireBattlegroundsAdvice
126,com.bizarre.bostonhop
127,com.kingofff2.fighters20020
128,mobi.mangatoon.novel
129,com.ms3.ralfoplus
130,ai.medialab.mangamaster
131,tlt.online.free.book.novelfull
132,com.eg.gachaneon.guide
133,com.foobnix.pdf.reader
134,th3.marvelvs.streetFighters.SF
135,com.flyersoft.moonreader
136,com.csnmedia.android.bg
137,free.freeoff.liberty.offlibertyreference.ref2018
138,com.fictionpress.fanfiction
139,com.sluf.fereros
140,com.boxnovel.readnovel
141,com.qidian.Int.reader
142,com.drawcola.xxxtentacions
143,com.scribd.app.reader0
144,com.wQuran411_4995947
145,com.ugust.stus.ones.mnites
146,com.riversoft.android.mysword
147,mobi.mangatoon.novel.lite
148,com.sweek.sweekandroid
149,com.mobincube.allpoe.sc_HPR6XX
150,lf.redildnmvsislanbin.com
151,com.microsoft.teams
152,com.google.android.apps.meetings
153,com.otoreport.wantopup
154,com.atento.atento1
155,com.wetherspoon.myjdw
156,com.rappi.storekeeper
157,com.samsung.knox.securefolder
158,com.doordash.driverapp
159,com.ubercab.driver
160,com.microsoft.windowsintune.companyportal
161,com.adobe.scan.android
162,com.didi.global.rider
163,com.mobisystems.fileman
164,com.didiglobal.driver
165,com.amazon.atozm
166,com.azure.authenticator
167,com.google.android.apps.dynamite
168,com.gappstudio.docxread.docxreader
169,com.heb.partnernet
170,com.ospolice.packagedisablerpro
171,id.klontong.notaku
172,com.netqin.ps
173,com.duosecurity.duomobile
174,mx.omesis.topo.topo
175,com.wiprecargas.mobile.v2.activity
176,com.linkedin.android
177,com.expediapartnercentral
178,com.AppInstitute.qde21
179,com.xodo.pdf.reader
180,air.HCARewards
181,com.shawinc.shawnow
182,com.discoursesitel
183,com.wBNSFEmulator
184,com.walmart.squiggly
185,com.facebook.pages.app
186,com.mcdonalds.OurloungeEU
187,com.larksuite.suite
188,de.cib.kanzlei
189,com.swipejobs.jobstack.worker
190,icv.resume.curriculumvitae
191,nextapp.fx
192,com.clearvisions.explorer
193,com.melbappdev.techflix
194,com.cisco.webex.meetings
195,com.anydesk.anydeskandroid
196,lomax.promocel
197,com.justeat.app.partnercentre.uk
198,side.side_android
199,com.rwsolutions.clnIntranet
200,com.usana.android.hub
201,com.whatsapp
202,com.facebook.orca
203,com.android.chrome
204,com.snapchat.android
205,com.facebook.mlite
206,com.yahoo.mobile.client.android.mail
207,app.tellows
208,com.discord
209,com.talkatone.android
210,com.UCMobile.intl
211,com.whatsapp.w4b
212,kik.android
213,com.enflick.android.TextNow
214,com.opera.mini.native
215,pi.browser
216,com.google.android.gm
217,com.brave.browser
218,ca.bell.selfserve.mybellmobile
219,com.tencent.mm
220,com.viber.voip
221,com.google.android.talk
222,com.google.android.apps.tachyon
223,com.psiphon3.subscription
224,org.telegram.messenger
225,com.enflick.android.tn2ndLine
226,com.sec.android.app.sbrowser
227,com.altanredes.altanvoip
228,com.kakao.talk
229,com.kiwibrowser.browser
230,com.google.android.apps.messaging
231,com.skype.raider
232,com.imo.android.imoim
233,com.psiphon3
234,com.cloudmosa.puffinFree
235,com.uc.browser.en
236,org.torproject.torbrowser
237,com.musicpleer.browser
238,com.google.android.apps.googlevoice
239,com.opera.browser
240,jp.naver.line.android
241,com.loudtalks
242,com.tencent.bang
243,com.ksmobile.cb
244,com.tencent.mobileqq
245,pl.rs.sip.softphone
246,com.facebook.talk
247,mx.com.axtel.axphone
248,com.drilens.wamr
249,app.source.getcontact
250,com.azarlive.android
251,com.badoo.mobile
252,com.luzeon.BiggerCity
253,com.msflutter.swingerHeaven
254,co.hinge.app
255,com.coomeet.app
256,com.isomob.flirtinder.fflauncher
257,mingle.android.mingle2
258,chat.meet.date.me
259,com.bumble.app
260,com.hitwe.android
261,net.ilius.android.match
262,com.affinityapps.chispa
263,ru.fotostrana.sweetmeet
264,com.cupidmedia.wrapper.latinamericancupid
265,com.meetville.dating
266,com.embrace_2redbeans
267,com.jaumo.prime
268,com.udates
269,com.hotornot.app
270,com.omiai_jp
271,com.eharmony
272,hookup.sugarmomma.hookupapps
273,com.cupidmedia.wrapper.afrointroductions
274,com.rulettube.singlewomen
275,com.jaumo.casual
276,com.livevideochat.chatroulette
277,com.cupidmedia.wrapper.bbwcupid
278,com.videochatparty.app
279,com.ihappydate
280,com.asiadating.amelodies
281,com.mobifriends.app
282,com.cupidmedia.wrapper.colombiancupid
283,com.cupidmedia.wrapper.mexicancupid
284,com.ashleymadison.mobile
285,dev.jecontacte.gratuit
286,com.buzzarab.buzzarab
287,com.choiceoflove.dating
288,com.match.android.matchmobile
289,com.sudy.cougar
290,pl.fotka.app
291,com.affinityapps.blk
292,net.ilius.android.meetic
293,com.huwi.gram
294,com.badoo.twa
295,com.coffeemeetsbagel
296,com.hily.app
297,com.chatrouletteapp.videorndchat
298,com.muzmatch.muzmatchapp
299,im.howlr.app
300,spdate.online.girlsmeet.chat
301,com.ivuu
302,codematics.universal.tv.remote.control
303,com.redfin.android
304,com.inter_ikea.place
305,com.nightowlsp.nop
306,com.tmobile.homeisp
307,tv.peel.app
308,com.autodesk.homestyler
309,com.vivint.vivintsky
310,com.zillow.android.zillowmap
311,com.tekoia.sure.activities
312,com.utilita.customerapp
313,air.uk.co.telguard.setup
314,mobiletoolsshop.tvremote.westinghouse
315,com.houzz.app
316,com.code.bluegeny.myhomeview
317,com.universal.tv.remote.control.all.tv.controller
318,com.alexvas.dvr
319,com.trulia.android
320,roid.spikesroid.tv_remote_for_lg
321,com.warden.cam
322,codematics.vizio.remote.control.smartcast
323,life.cocoon.cocoon
324,com.zlink.smarthome
325,com.yudadeveloper.bloxburg
326,cz.scamera.securitycamera
327,mx.com.jpro.calculadorausg
328,com.prime.on
329,es.roid.and.trovit
330,com.ebay.protool
331,com.bgmobilenga
332,com.umbonia.wireboiler
333,com.mitula.homes
334,com.Gdwalktook01.tcc01
335,house.hubware.sarah
336,com.netbeast.yeti
337,itdim.shsm
338,com.wash.connect
339,mobiletoolsshop.tvremote.vizio
340,software.utopia.aguakan
341,com.activebuilding.residents
342,com.company.pg600.pro
343,cn.com.moodlight.aqstar
344,com.thanksmister.iot.wallpanel
345,com.roku.tv.remote.control
346,com.jampps.mode
347,io.eliq.e
348,com.zillow.android.streeteasy
349,com.takl
350,io.cordova.myapp0661c1
351,com.pinterest
352,com.amazon.dee.app
353,com.google.android.apps.chromecast.app
354,com.life360.android.safetymapd
355,com.requapp.requ
356,com.hualai
357,com.samsung.android.bixby.agent
358,com.halattewatssapejadida
359,com.samsung.android.oneconnect
360,com.rightmove.android
361,org.reyfasoft.reinavalera1960
362,com.samsung.android.spay
363,com.xiaomi.smarthome
364,com.green.dog
365,com.grupovenus.android
366,com.deepfusion.zao
367,com.pushrewards.crazymobileapps
368,com.lgeha.nuts
369,com.maxincome.fmcrm
370,com.haeorum.missyusa
371,com.pinkapp
372,lmontt.cl
373,com.Hubapps.Picclick
374,com.teslamotors.tesla
375,com.gm.chevrolet.nomad.ownership
376,com.tuya.smartlife
377,live.ablo
378,com.tmobile.tuesdays
379,com.handykim.nbit.everytimerfree
380,com.bitsmedia.android.muslimpro
381,uk.co.pets4homes
382,com.puffco.android
383,com.swinglifestyle.and
384,com.dgtalgroup.betterware
385,com.prodege.swagbucksmobile
386,in.karthikr.hairstyle
387,com.bit.androsmart.kbinapp
388,com.tuya.smart
389,com.projectrockofficial.rockclock
390,com.narusta.archiveofourown
391,co.fronto
392,net.bitburst.pollpay
393,com.dramaton.slime
394,com.calendarmkd.widget
395,com.apptop.news.Bong247
396,com.ftw_and_co.happn
397,com.bizooku.prospectingapp
398,com.strix.strix_example
399,com.dyson.mobile.android
400,com.monotype.android.font.colorfullemoji_whatsapp4
401,com.icedrive.app
402,com.dubox.drive
403,hr.telekomcloud.storage
404,com.degoo.android
405,ru.yandex.disk
406,com.google.android.apps.nbu.files
407,com.alphainventor.filemanager
408,com.mi.android.globalFileexplorer
409,com.dropbox.android
410,com.google.android.apps.docs
411,mega.privacy.android.app
412,com.microsoft.skydrive
413,com.mobisystems.fileman
414,com.sec.android.app.myfiles
415,com.pcloud.pcloud
416,files.fileexplorer.filemanager
417,com.metago.astro
418,com.cxinventor.file.explorer
419,pl.solidexplorer2
420,com.mobisystems.mobidrive
421,com.box.android
422,nextapp.fx
423,me.proton.android.drive
424,com.fazconapps.backup.restore.data
425,com.google.android.apps.subscriptions.red
426,dev.dworks.apps.anexplorer
427,com.amaze.filemanager
428,com.rhmsoft.fm
429,com.lge.filemanager
430,com.agilesoftresource
431,fm.clean
432,com.asus.filemanager
433,filemanager.files.fileexplorer
434,com.lonelycatgames.Xplore
435,ru.zdevs.zarchiver
436,com.marc.files
437,com.itel.filemanager
438,com.ace.ex.file.manager
439,com.esuper.file.explorer
440,com.transsion.filemanagerx
441,com.simplemobiletools.filemanager
442,com.oneplus.filemanager
443,com.rarlab.rar
444,com.sika524.android.quickshortcut
445,com.anddoes.launcher
446,net.zedge.android
447,com.teslacoilsw.launcher
448,com.digitalcosmos.shimeji
449,com.lbe.parallel.intl
450,com.campmobile.launcher
451,io.faceapp
452,com.camerasideas.instashot
453,com.vsco.cam
454,com.google.android.GoogleCamera
455,com.prequel.app
456,com.adobe.lrmobile
457,com.linecorp.b612.android
458,com.niksoftware.snapseed
459,photo.editor.polarr
460,com.bigwinepot.nwdn.international
461,net.sourceforge.opencamera
462,com.photogrid.collage.videomaker
463,com.adobe.psmobile
464,com.adobe.creativeapps.draw
465,com.vicman.toonmeapp
466,com.cam001.selfie
467,com.lightricks.facetune.free
468,star.videomaker.vlogstar
469,com.alensw.PicFolder
470,com.youthhr.phonto
471,com.mt.mtxx.mtxx
472,photo.editor.photoeditor.photoeditorpro
473,com.atomicadd.fotos
474,vn.eraser.background.removebg
475,com.instagram.boomerang
476,com.iudesk.android.photo.editor
477,com.sec.android.gallery3d
478,com.imaginstudio.imagetools.pixellab
479,com.tencent.ttpic
480,com.samsung.android.imageenhancer
481,com.handycloset.android.eraser
482,us.pinguo.selfie
483,com.joeware.android.gpulumera
484,sav.max.ultralight.ultralightt
485,air.com.adobe.pstouchphone
486,com.cardinalblue.piccollage.google
487,com.vicman.newprofilepic
488,com.commsource.beautyplus
489,com.magicv.airbrush
490,com.lightricks.pixaloop
491,com.cyworld.camera
492,com.carolyn.retouchtool
493,vStudio.Android.Camera360
494,com.samsung.android.visionintelligence
495,com.aviary.android.feather
496,com.sec.android.app.camera
497,com.lightricks.quickshot
498,com.detectunfollowers
499,com.venticake.retrica
500,com.cerdillac.filmmaker
501,com.estrongs.android.pop
502,com.microsoft.office.word
503,com.mediafire.android
504,com.microsoft.appmanager
505,com.intsig.camscanner
506,com.microsoft.office.officehubrow
507,mega.privacy.android.app
508,com.microsoft.office.powerpoint
509,com.microsoft.office.excel
510,com.mobi.market.appstore
511,com.microsoft.office.outlook
512,com.vau.app_store
513,com.superandroid.quicksettings
514,com.soriana.asistenteelectronico.consultaarticulo
515,com.coloros.backuprestore
516,com.microsoft.cortana
517,com.samsung.android.app.notes
518,com.rsupport.mvagent
519,com.samsung.android.scloud
520,com.alphainventor.filemanager
521,com.google.android.apps.docs
522,com.surpax.ledflashlight.panel
523,com.touchtype.swiftkey
524,com.monotype.whatthefont
525,com.myvodafoneapp
526,com.pdffilereader
527,com.adobe.reader
528,in.myinnos.AppManager
529,io.wifimap.wifimap
530,cn.wps.moffice_eng
531,com.att.deviceunlock
532,com.argonremote.launchonboot
533,com.google.android.apps.docs.editors.slides
534,com.att.mobiletransfer
535,com.att.myWireless
536,com.google.android.apps.pdfviewer
537,com.teamviewer.quicksupport.market
538,com.instabridge.android
539,com.matthewsalemi12345.Giant
540,com.microsoft.skydrive
541,com.google.android.apps.googleassistant
542,com.google.android.apps.docs.editors.docs
543,com.hyperspeed.rocketclean.pro
544,com.sec.android.inputmethod
545,krow.mx.recargas
546,com.emilio.pimpvault
547,gti.moviles.masordenapp
548,com.socialnmobile.dictapps.notepad.color.note
549,com.hp.printercontrol
550,mx.ucc.ver.servicios
551,de.locanto.app
552,com.amazon.mShop.android.shopping
553,com.offerup
554,com.zzkko
555,com.tippingcanoe.promodescuentos
556,com.walmart.android
557,com.alibaba.aliexpresshd
558,com.radwell.ecommerce
559,com.petsmart.consumermobile
560,com.slidejoy
561,com.contextlogic.wish
562,fr.vinted
563,com.amazon.rabbit
564,com.aftership.AfterShip
565,com.fetchrewards.fetchrewards.hop
566,com.smartcanucks
567,com.ebay.mobile
568,com.namso.ccgen.basic
569,mx.com.liverpool.shoppingapp
570,com.google.android.finsky
571,com.missycoupons.BaseApp
572,com.appsfree.android
573,com.ionic.omniticket
574,pagaqui.apppagaqui
575,com.gumtree.android
576,com.appnana.android.giftcardrewards
577,com.tae.xtremecard
578,com.kimovil.app
579,com.privalia.privalia
580,uk.co.com.dealmoon.android
581,com.poshmark.app
582,com.ksl.android.classifieds
583,com.mercariapp.mercari
584,com.lootboy.app
585,com.shopee.ph
586,fr.leboncoin
587,com.tippingcanoe.hukd
588,co.nelo.nelo
589,com.belk.android.belk
590,com.shopee.mx
591,com.book.books
592,com.geomobile.tiendeo
593,lomax.ppw
594,com.sportbay.app
595,lomax.recargazul
596,com.shpock.android
597,yqtrack.app
598,com.salla.gaudy
599,com.amazon.mShop.android
600,com.ebay.kijiji.ca
601,com.facebook.katana
602,com.instagram.android
603,com.zhiliaoapp.musically
604,com.facebook.lite
605,org.telegram.messenger.web
606,com.twitter.android
607,com.blockchainvault
608,video.like
609,com.zhiliaoapp.musically.go
610,com.instagram.lite
611,com.reddit.frontpage
612,com.pof.android
613,sg.bigo.live
614,com.hkiapps.zefoy
615,com.huya.pokogame
616,cool.monkey.android
617,com.vkontakte.android
618,com.zhiliaoapp.musicallylite
619,com.aymenlotfi70.whatsfake
620,com.pinger.textfree
621,es.softwareknights.qmiran
622,jp.pxv.android
623,com.adam4adam.radar2.ui
624,com.textmeinc.textme
625,com.chatango.android
626,com.gogii.textplus
627,com.WhatsApp4Plus
628,com.yy.hiyo
629,com.dianyun.chikii
630,com.exutech.chacha
631,com.gettr.gettr
632,tv.periscope.android
633,com.narvii.amino.master
634,com.abgram.me
635,com.imvu.mobilecordova
636,mobi.jackd.android
637,com.freebasics
638,com.textmeinc.freetone
639,com.tumblr
640,ru.ok.android
641,com.igservicesoft.insight
642,com.skout.android
643,com.fb.liker
644,com.nglreactnative
645,com.yikyak2
646,me.bukovitz.noteit
647,com.sgiggle.production
648,com.twoo
649,net.wrightflyer.le.reality
650,com.fb.free
651,com.android.vending
652,cm.aptoide.pt
653,com.google.android.gsf.login
654,com.uptodown
655,com.aurora.store
656,com.google.android.gms
657,catch_.me_.if_.you_.can_
658,com.google.android.apps.translate
659,com.taptap
660,com.ngb.wpsconnect
661,cm.aptoidetv.pt
662,com.chaozhuo.gameassistant
663,com.sec.android.easyMover
664,com.gmail.heagoo.apkeditor
665,com.qooapp.qoohelper
666,com.google.android.googlequicksearchbox
667,com.nvidia.geforcenow
668,com.fast.free.unblock.secure.vpn
669,com.taptap.global
670,org.hola
671,com.cxinventor.file.explorer
672,com.lenovo.anyshare.gps
673,com.myvidster
674,ru.zdevs.zarchiver
675,com.huawei.appmarket
676,com.vido.vidosy
677,com.iyoutuber
678,com.snowcorp.stickerly.android
679,com.google.android.apps.nbu.files
680,com.rarlab.rar
681,com.bigos.androdumpper
682,free.vpn.unblock.proxy.turbovpn
683,com.xiaomi.gameboosterglobal
684,com.duckduckgo.mobile.android
685,com.google.android.apps.adm
686,com.gspace.android
687,com.google.android.gsf
688,com.nuance.nmc.sihome.metropcs
689,torrezmartin.storiesig
690,de.robv.android.xposed.installer
691,com.samsung.android.game.gamehome
692,eu.chainfire.supersu
693,cn.xiaofengkj.fitpro
694,com.ericxiang.googleinstaller
695,app.namso_gen.spacehowen
696,com.sec.android.app.myfiles
697,com.sticktoit
698,mohammad.adib.sidebar.lite
699,com.android.inputmethod.latin
700,com.applisto.appcloner
701,com.aws.android
702,com.yahoo.mobile.client.android.weather
703,com.handmark.expressweather
704,com.mg.raintoday
705,com.accuweather.android
706,bbc.mobile.weather
707,com.sec.android.daemonapp
708,com.mylocaltv.wralwx
709,mx.clic.radardopplerudeg
710,com.weather.Weather
711,com.microsoft.amp.apps.bingweather
712,com.apalon.weatherradar.free
713,com.wdtinc.android.KOTV
714,com.macropinch.swan
715,com.wbko.android.weather
716,com.twc.radar
717,com.kfvs.android.weather
718,com.studioeleven.windfinder
719,com.krgv.android.weather
720,com.wwtv.android.weather
721,com.wunderground.android.wundermap
722,my.gov.met.mycuaca
723,com.wkyc.android.weather
724,clima.dotempoclima.amanha.previsao.tempo
725,com.wsfa.android.weather
726,com.acmeaom.android.myradar
727,com.meteoblue.droid
728,com.devexpert.weather
729,com.baynews9.baynews9plus
730,com.kytv.android.weather
731,com.gau.go.launcherex.gowidget.weatherwidget
732,com.citc.weather
733,com.wvlt.android.weather
734,com.graph.weather.forecast.channel
735,net.darksky.darksky
736,com.wzzm.android.weather
737,com.accurate.weather.forecast.live
738,com.interactivehailmaps.hailrecon
739,com.kltv.android.weather
740,com.weawow
741,com.dev.willi3.weath3r
742,com.mg.meteoearth
743,com.app.mikesweatherpagea
744,com.tvalabama.android.weather
745,com.wtvt.android.weather
746,com.uavforecast
747,com.weatheryou
748,com.pelmorex.WeatherEyeAndroid
749,com.timuzgames.missioncounterattack
750,com.kait.android.weather
